assignee,filename,Is true,isFake
,1.mp4,0,TRUE
,2.mp4,1,FALSE
,3.mp4,1,FALSE
,5.mp4,0,TRUE
,7.mp4,1,FALSE
,8.mp4,1,FALSE
,10.mp4,0,TRUE
,11.mp4,1,FALSE
,12.mp4,0,TRUE
,13.mp4,1,FALSE
,14.mp4,0,TRUE
,18.mp4,1,FALSE
,19.mp4,0,TRUE
,20.mp4,1,FALSE
,22.mp4,1,FALSE
,24.mp4,1,FALSE
,25.mp4,0,TRUE
,26.mp4,0,TRUE
,28.mp4,0,TRUE
,29.mp4,0,TRUE
,30.mp4,0,TRUE
,31.mp4,1,FALSE
,33.mp4,0,TRUE
,35.mp4,1,FALSE
,36.mp4,0,TRUE
,37.mp4,1,FALSE
,39.mp4,1,FALSE
,40.mp4,1,FALSE
,41.mp4,0,TRUE
,42.mp4,1,FALSE
,44.mp4,0,TRUE
,48.mp4,0,TRUE
,52.mp4,0,TRUE
,53.mp4,1,FALSE
,54.mp4,0,TRUE
,55.mp4,1,FALSE
,56.mp4,0,TRUE
,58.mp4,0,TRUE
,61.mp4,1,FALSE
,63.mp4,0,TRUE
,66.mp4,1,FALSE
,67.mp4,0,TRUE
,68.mp4,0,TRUE
,69.mp4,0,TRUE
,71.mp4,0,TRUE
,72.mp4,1,FALSE
,73.mp4,0,TRUE
,75.mp4,1,FALSE
,76.mp4,0,TRUE
,78.mp4,0,TRUE
,79.mp4,0,TRUE
,80.mp4,0,TRUE
,81.mp4,1,FALSE
,82.mp4,0,TRUE
,83.mp4,1,FALSE
,84.mp4,1,FALSE
,85.mp4,1,FALSE
,86.mp4,0,TRUE
,87.mp4,1,FALSE
,89.mp4,0,TRUE
,90.mp4,1,FALSE
,91.mp4,1,FALSE
,92.mp4,0,TRUE
,93.mp4,0,TRUE
,94.mp4,1,FALSE
,96.mp4,1,FALSE
,97.mp4,0,TRUE
,98.mp4,0,TRUE
,99.mp4,1,FALSE
,101.mp4,1,FALSE
,105.mp4,0,TRUE
,106.mp4,0,TRUE
,108.mp4,0,TRUE
,109.mp4,0,TRUE
,110.mp4,1,FALSE
,111.mp4,0,TRUE
,112.mp4,0,TRUE
,113.mp4,1,FALSE
,114.mp4,1,FALSE
,115.mp4,0,TRUE
,116.mp4,1,FALSE
,117.mp4,0,TRUE
,120.mp4,1,FALSE
,122.mp4,1,FALSE
,124.mp4,0,TRUE
,125.mp4,1,FALSE
,126.mp4,0,TRUE
,128.mp4,1,FALSE
,129.mp4,1,FALSE
,130.mp4,1,FALSE
,131.mp4,0,TRUE
,133.mp4,0,TRUE
,134.mp4,0,TRUE
,136.mp4,1,FALSE
,137.mp4,0,TRUE
,138.mp4,1,FALSE
,141.mp4,0,TRUE
,142.mp4,0,TRUE
,143.mp4,1,FALSE
,144.mp4,1,FALSE
,145.mp4,1,FALSE
,146.mp4,1,FALSE
,147.mp4,1,FALSE
,150.mp4,1,FALSE
,151.mp4,0,TRUE
,152.mp4,1,FALSE
,154.mp4,1,FALSE
,155.mp4,1,FALSE
,157.mp4,1,FALSE
,164.mp4,0,TRUE
,165.mp4,0,TRUE
,166.mp4,0,TRUE
,167.mp4,1,FALSE
,168.mp4,0,TRUE
,171.mp4,1,FALSE
,172.mp4,0,TRUE
,173.mp4,1,FALSE
,175.mp4,0,TRUE
,177.mp4,0,TRUE
,179.mp4,0,TRUE
,180.mp4,0,TRUE
,182.mp4,0,TRUE
,185.mp4,1,FALSE
,189.mp4,0,TRUE
,191.mp4,1,FALSE
,192.mp4,1,FALSE
,193.mp4,1,FALSE
,194.mp4,0,TRUE
,195.mp4,1,FALSE
,197.mp4,1,FALSE
,198.mp4,0,TRUE
,199.mp4,1,FALSE
,203.mp4,1,FALSE
,204.mp4,1,FALSE
,205.mp4,1,FALSE
,207.mp4,1,FALSE
,209.mp4,0,TRUE
,210.mp4,1,FALSE
,211.mp4,0,TRUE
,213.mp4,1,FALSE
,217.mp4,0,TRUE
,218.mp4,1,FALSE
,219.mp4,1,FALSE
,222.mp4,1,FALSE
,225.mp4,1,FALSE
,227.mp4,1,FALSE
,229.mp4,0,TRUE
,231.mp4,1,FALSE
,236.mp4,1,FALSE
,238.mp4,1,FALSE
,240.mp4,1,FALSE
,241.mp4,0,TRUE
,242.mp4,1,FALSE
,243.mp4,0,TRUE
,244.mp4,1,FALSE
,246.mp4,0,TRUE
,247.mp4,1,FALSE
,248.mp4,1,FALSE
,249.mp4,0,TRUE
,251.mp4,0,TRUE
,252.mp4,1,FALSE
,253.mp4,0,TRUE
,254.mp4,0,TRUE
,255.mp4,0,TRUE
,256.mp4,1,FALSE
,257.mp4,1,FALSE
,258.mp4,0,TRUE
,259.mp4,0,TRUE
,260.mp4,1,FALSE
,261.mp4,1,FALSE
,262.mp4,0,TRUE
,264.mp4,1,FALSE
,265.mp4,0,TRUE
,267.mp4,0,TRUE
,268.mp4,0,TRUE
,269.mp4,0,TRUE
,270.mp4,0,TRUE
,272.mp4,1,FALSE
,274.mp4,1,FALSE
,275.mp4,1,FALSE
,279.mp4,0,TRUE
,281.mp4,0,TRUE
,284.mp4,1,FALSE
,285.mp4,0,TRUE
,287.mp4,1,FALSE
,288.mp4,0,TRUE
,290.mp4,1,FALSE
,292.mp4,1,FALSE
,295.mp4,0,TRUE
,296.mp4,1,FALSE
,298.mp4,1,FALSE
,299.mp4,1,FALSE
,304.mp4,0,TRUE
,306.mp4,0,TRUE
,307.mp4,1,FALSE
,308.mp4,0,TRUE
,309.mp4,1,FALSE
,310.mp4,0,TRUE
,312.mp4,0,TRUE
,313.mp4,0,TRUE
,314.mp4,0,TRUE
,316.mp4,1,FALSE
,317.mp4,0,TRUE
,322.mp4,0,TRUE
,326.mp4,1,FALSE
,327.mp4,1,FALSE
,328.mp4,0,TRUE
,329.mp4,1,FALSE
,332.mp4,1,FALSE
,333.mp4,0,TRUE
,334.mp4,0,TRUE
,336.mp4,1,FALSE
,337.mp4,0,TRUE
,339.mp4,1,FALSE
,340.mp4,1,FALSE
,341.mp4,1,FALSE
,343.mp4,1,FALSE
,344.mp4,0,TRUE
,345.mp4,0,TRUE
,346.mp4,0,TRUE
,349.mp4,1,FALSE
,350.mp4,1,FALSE
,351.mp4,0,TRUE
,353.mp4,1,FALSE
,354.mp4,1,FALSE
,356.mp4,1,FALSE
,359.mp4,1,FALSE
,361.mp4,1,FALSE
,363.mp4,0,TRUE
,365.mp4,0,TRUE
,366.mp4,0,TRUE
,367.mp4,0,TRUE
,369.mp4,0,TRUE
,371.mp4,1,FALSE
,372.mp4,1,FALSE
,373.mp4,0,TRUE
,374.mp4,1,FALSE
,375.mp4,1,FALSE
,376.mp4,1,FALSE
,379.mp4,1,FALSE
,382.mp4,1,FALSE
,383.mp4,1,FALSE
,385.mp4,1,FALSE
,386.mp4,0,TRUE
,388.mp4,0,TRUE
,389.mp4,0,TRUE
,391.mp4,1,FALSE
,393.mp4,1,FALSE
,395.mp4,1,FALSE
,396.mp4,0,TRUE
,398.mp4,1,FALSE
,399.mp4,0,TRUE
,401.mp4,1,FALSE
,402.mp4,1,FALSE
,405.mp4,0,TRUE
,407.mp4,0,TRUE
,408.mp4,1,FALSE
,409.mp4,1,FALSE
,413.mp4,0,TRUE
,414.mp4,1,FALSE
,416.mp4,1,FALSE
,417.mp4,0,TRUE
,418.mp4,0,TRUE
,421.mp4,1,FALSE
,422.mp4,1,FALSE
,423.mp4,1,FALSE
,424.mp4,1,FALSE
,425.mp4,1,FALSE
,426.mp4,1,FALSE
,428.mp4,0,TRUE
,429.mp4,1,FALSE
,430.mp4,1,FALSE
,431.mp4,0,TRUE
,432.mp4,1,FALSE
,433.mp4,1,FALSE
,434.mp4,0,TRUE
,435.mp4,0,TRUE
,438.mp4,1,FALSE
,439.mp4,1,FALSE
,440.mp4,1,FALSE
,441.mp4,1,FALSE
,444.mp4,1,FALSE
,446.mp4,0,TRUE
,447.mp4,1,FALSE
,448.mp4,0,TRUE
,452.mp4,1,FALSE
,453.mp4,1,FALSE
,454.mp4,0,TRUE
,455.mp4,0,TRUE
,456.mp4,0,TRUE
,457.mp4,0,TRUE
,458.mp4,0,TRUE
,459.mp4,0,TRUE
,461.mp4,0,TRUE
,462.mp4,0,TRUE
,463.mp4,1,FALSE
,464.mp4,1,FALSE
,465.mp4,0,TRUE
,467.mp4,0,TRUE
,468.mp4,0,TRUE
,469.mp4,1,FALSE
,470.mp4,1,FALSE
,471.mp4,0,TRUE
,472.mp4,1,FALSE
,473.mp4,1,FALSE
,477.mp4,1,FALSE
,478.mp4,1,FALSE
,480.mp4,1,FALSE
,483.mp4,0,TRUE
,485.mp4,0,TRUE
,489.mp4,0,TRUE
,490.mp4,1,FALSE
,491.mp4,1,FALSE
,492.mp4,0,TRUE
,493.mp4,1,FALSE
,494.mp4,0,TRUE
,495.mp4,0,TRUE
,497.mp4,1,FALSE
,501.mp4,0,TRUE
,504.mp4,1,FALSE
,506.mp4,1,FALSE
,508.mp4,1,FALSE
,511.mp4,0,TRUE
,512.mp4,0,TRUE
,514.mp4,0,TRUE
,515.mp4,1,FALSE
,517.mp4,0,TRUE
,518.mp4,0,TRUE
,519.mp4,0,TRUE
,521.mp4,0,TRUE
,524.mp4,0,TRUE
,526.mp4,0,TRUE
,530.mp4,0,TRUE
,534.mp4,1,FALSE
,535.mp4,1,FALSE
,536.mp4,0,TRUE
,541.mp4,1,FALSE
,543.mp4,1,FALSE
,544.mp4,1,FALSE
,546.mp4,1,FALSE
,547.mp4,1,FALSE
,548.mp4,0,TRUE
,549.mp4,1,FALSE
,550.mp4,0,TRUE
,551.mp4,1,FALSE
,553.mp4,0,TRUE
,554.mp4,1,FALSE
,555.mp4,1,FALSE
,556.mp4,1,FALSE
,558.mp4,1,FALSE
,559.mp4,0,TRUE
,560.mp4,1,FALSE
,561.mp4,0,TRUE
,564.mp4,0,TRUE
,565.mp4,0,TRUE
,568.mp4,0,TRUE
,570.mp4,0,TRUE
,571.mp4,0,TRUE
,572.mp4,0,TRUE
,576.mp4,1,FALSE
,577.mp4,0,TRUE
,579.mp4,0,TRUE
,580.mp4,1,FALSE
,582.mp4,1,FALSE
,584.mp4,1,FALSE
,585.mp4,0,TRUE
,589.mp4,0,TRUE
,591.mp4,1,FALSE
,593.mp4,1,FALSE
,594.mp4,1,FALSE
,595.mp4,1,FALSE
,596.mp4,1,FALSE
,597.mp4,1,FALSE
,598.mp4,0,TRUE
,599.mp4,0,TRUE
,600.mp4,1,FALSE
,601.mp4,0,TRUE
,603.mp4,0,TRUE
,605.mp4,1,FALSE
,608.mp4,1,FALSE
,609.mp4,0,TRUE
,610.mp4,0,TRUE
,612.mp4,1,FALSE
,613.mp4,1,FALSE
,615.mp4,1,FALSE
,618.mp4,0,TRUE
,619.mp4,0,TRUE
,620.mp4,1,FALSE
,622.mp4,0,TRUE
,623.mp4,1,FALSE
,624.mp4,1,FALSE
,627.mp4,0,TRUE
,628.mp4,0,TRUE
,629.mp4,0,TRUE
,630.mp4,1,FALSE
,631.mp4,1,FALSE
,632.mp4,1,FALSE
,635.mp4,0,TRUE
,636.mp4,0,TRUE
,637.mp4,1,FALSE
,639.mp4,0,TRUE
,641.mp4,0,TRUE
,643.mp4,0,TRUE
,644.mp4,0,TRUE
,645.mp4,1,FALSE
,650.mp4,1,FALSE
,651.mp4,0,TRUE
,652.mp4,1,FALSE
,653.mp4,0,TRUE
,655.mp4,1,FALSE
,656.mp4,0,TRUE
,657.mp4,1,FALSE
,658.mp4,0,TRUE
,662.mp4,1,FALSE
,663.mp4,1,FALSE
,664.mp4,1,FALSE
,667.mp4,0,TRUE
,668.mp4,0,TRUE
,670.mp4,0,TRUE
,673.mp4,0,TRUE
,674.mp4,1,FALSE
,676.mp4,1,FALSE
,678.mp4,1,FALSE
,681.mp4,1,FALSE
,682.mp4,0,TRUE
,684.mp4,0,TRUE
,685.mp4,1,FALSE
,686.mp4,1,FALSE
,687.mp4,1,FALSE
,688.mp4,0,TRUE
,690.mp4,1,FALSE
,691.mp4,1,FALSE
,692.mp4,1,FALSE
,693.mp4,1,FALSE
,694.mp4,0,TRUE
,695.mp4,0,TRUE
,697.mp4,1,FALSE
,698.mp4,0,TRUE
,699.mp4,1,FALSE
,700.mp4,1,FALSE
,702.mp4,1,FALSE
,704.mp4,0,TRUE
,709.mp4,1,FALSE
,710.mp4,0,TRUE
,711.mp4,0,TRUE
,713.mp4,1,FALSE
,715.mp4,0,TRUE
,716.mp4,0,TRUE
,718.mp4,1,FALSE
,719.mp4,1,FALSE
,720.mp4,1,FALSE
,721.mp4,0,TRUE
,723.mp4,0,TRUE
,726.mp4,0,TRUE
,727.mp4,1,FALSE
,729.mp4,0,TRUE
,734.mp4,1,FALSE
,735.mp4,0,TRUE
,736.mp4,0,TRUE
,737.mp4,1,FALSE
,738.mp4,0,TRUE
,739.mp4,0,TRUE
,741.mp4,0,TRUE
,742.mp4,0,TRUE
,744.mp4,1,FALSE
,745.mp4,0,TRUE
,746.mp4,0,TRUE
,747.mp4,0,TRUE
,750.mp4,0,TRUE
,751.mp4,0,TRUE
,753.mp4,1,FALSE
,754.mp4,0,TRUE
,755.mp4,0,TRUE
,756.mp4,1,FALSE
,758.mp4,1,FALSE
,759.mp4,1,FALSE
,763.mp4,1,FALSE
,764.mp4,0,TRUE
,769.mp4,1,FALSE
,771.mp4,0,TRUE
,772.mp4,1,FALSE
,774.mp4,0,TRUE
,775.mp4,1,FALSE
,778.mp4,0,TRUE
,780.mp4,0,TRUE
,781.mp4,1,FALSE
,782.mp4,0,TRUE
,784.mp4,0,TRUE
,785.mp4,1,FALSE
,787.mp4,1,FALSE
,788.mp4,0,TRUE
,791.mp4,1,FALSE
,792.mp4,1,FALSE
,795.mp4,1,FALSE
,796.mp4,0,TRUE
,797.mp4,1,FALSE
,798.mp4,1,FALSE
,800.mp4,0,TRUE
,802.mp4,0,TRUE
,803.mp4,0,TRUE
,804.mp4,1,FALSE
,805.mp4,1,FALSE
,807.mp4,0,TRUE
,809.mp4,0,TRUE
,810.mp4,0,TRUE
,811.mp4,0,TRUE
,812.mp4,0,TRUE
,813.mp4,0,TRUE
,814.mp4,1,FALSE
,815.mp4,1,FALSE
,816.mp4,0,TRUE
,817.mp4,1,FALSE
,818.mp4,1,FALSE
,819.mp4,1,FALSE
,820.mp4,0,TRUE
,821.mp4,1,FALSE
,823.mp4,1,FALSE
,824.mp4,1,FALSE
,825.mp4,1,FALSE
,827.mp4,1,FALSE
,834.mp4,1,FALSE
,835.mp4,1,FALSE
,836.mp4,1,FALSE
,837.mp4,0,TRUE
,838.mp4,0,TRUE
,839.mp4,1,FALSE
,840.mp4,0,TRUE
,842.mp4,1,FALSE
,844.mp4,1,FALSE
,845.mp4,1,FALSE
,846.mp4,0,TRUE
,847.mp4,1,FALSE
,849.mp4,0,TRUE
,850.mp4,0,TRUE
,851.mp4,1,FALSE
,852.mp4,0,TRUE
,855.mp4,1,FALSE
,856.mp4,1,FALSE
,858.mp4,1,FALSE
,859.mp4,1,FALSE
,860.mp4,0,TRUE
,862.mp4,0,TRUE
,863.mp4,0,TRUE
,864.mp4,1,FALSE
,865.mp4,1,FALSE
,869.mp4,1,FALSE
,870.mp4,1,FALSE
,871.mp4,1,FALSE
,873.mp4,1,FALSE
,874.mp4,1,FALSE
,875.mp4,1,FALSE
,877.mp4,0,TRUE
,878.mp4,0,TRUE
,885.mp4,1,FALSE
,886.mp4,0,TRUE
,887.mp4,0,TRUE
,888.mp4,1,FALSE
,889.mp4,1,FALSE
,893.mp4,1,FALSE
,894.mp4,0,TRUE
,895.mp4,0,TRUE
,896.mp4,1,FALSE
,897.mp4,1,FALSE
,899.mp4,0,TRUE
,900.mp4,1,FALSE
,903.mp4,0,TRUE
,904.mp4,0,TRUE
,907.mp4,0,TRUE
,908.mp4,1,FALSE
,910.mp4,0,TRUE
,911.mp4,0,TRUE
,912.mp4,1,FALSE
,913.mp4,1,FALSE
,914.mp4,0,TRUE
,920.mp4,0,TRUE
,921.mp4,0,TRUE
,926.mp4,1,FALSE
,927.mp4,1,FALSE
,929.mp4,1,FALSE
,931.mp4,0,TRUE
,936.mp4,1,FALSE
,937.mp4,0,TRUE
,938.mp4,0,TRUE
,941.mp4,0,TRUE
,943.mp4,0,TRUE
,945.mp4,1,FALSE
,946.mp4,1,FALSE
,947.mp4,0,TRUE
,948.mp4,1,FALSE
,950.mp4,1,FALSE
,951.mp4,1,FALSE
,952.mp4,0,TRUE
,954.mp4,1,FALSE
,958.mp4,0,TRUE
,961.mp4,1,FALSE
,963.mp4,1,FALSE
,967.mp4,0,TRUE
,969.mp4,1,FALSE
,974.mp4,0,TRUE
,975.mp4,1,FALSE
,976.mp4,1,FALSE
,977.mp4,0,TRUE
,980.mp4,1,FALSE
,982.mp4,0,TRUE
,985.mp4,0,TRUE
,986.mp4,1,FALSE
,987.mp4,1,FALSE
,988.mp4,1,FALSE
,990.mp4,1,FALSE
,991.mp4,1,FALSE
,992.mp4,1,FALSE
,993.mp4,0,TRUE
,994.mp4,0,TRUE
,995.mp4,1,FALSE
,996.mp4,0,TRUE
,997.mp4,1,FALSE
,998.mp4,0,TRUE
,1002.mp4,1,FALSE
,1003.mp4,0,TRUE
,1004.mp4,0,TRUE
,1007.mp4,1,FALSE
,1008.mp4,1,FALSE
,1012.mp4,0,TRUE
,1014.mp4,0,TRUE
,1015.mp4,0,TRUE
,1016.mp4,1,FALSE
,1017.mp4,0,TRUE
,1018.mp4,1,FALSE
,1019.mp4,0,TRUE
,1020.mp4,0,TRUE
,1021.mp4,1,FALSE
,1024.mp4,1,FALSE
,1026.mp4,0,TRUE
,1027.mp4,0,TRUE
,1028.mp4,0,TRUE
,1029.mp4,0,TRUE
,1030.mp4,0,TRUE
,1031.mp4,1,FALSE
,1033.mp4,1,FALSE
,1034.mp4,0,TRUE
,1038.mp4,0,TRUE
,1040.mp4,1,FALSE
,1042.mp4,1,FALSE
,1043.mp4,0,TRUE
,1044.mp4,1,FALSE
,1046.mp4,1,FALSE
,1047.mp4,0,TRUE
,1050.mp4,1,FALSE
,1051.mp4,1,FALSE
,1052.mp4,0,TRUE
,1053.mp4,0,TRUE
,1054.mp4,0,TRUE
,1055.mp4,0,TRUE
,1056.mp4,0,TRUE
,1058.mp4,0,TRUE
,1059.mp4,1,FALSE
,1060.mp4,0,TRUE
,1061.mp4,1,FALSE
,1064.mp4,1,FALSE
,1065.mp4,0,TRUE
,1066.mp4,1,FALSE
,1067.mp4,1,FALSE
,1068.mp4,1,FALSE
,1069.mp4,1,FALSE
,1070.mp4,0,TRUE
,1071.mp4,1,FALSE
,1072.mp4,1,FALSE
,1074.mp4,0,TRUE
,1075.mp4,0,TRUE
,1076.mp4,1,FALSE
,1077.mp4,1,FALSE
,1078.mp4,0,TRUE
,1081.mp4,0,TRUE
,1083.mp4,0,TRUE
,1086.mp4,0,TRUE
,1087.mp4,0,TRUE
,1088.mp4,0,TRUE
,1089.mp4,1,FALSE
,1090.mp4,0,TRUE
,1094.mp4,1,FALSE
,1095.mp4,0,TRUE
,1096.mp4,0,TRUE
,1097.mp4,0,TRUE
,1098.mp4,1,FALSE
,1099.mp4,0,TRUE
,1100.mp4,1,FALSE
,1101.mp4,0,TRUE
,1103.mp4,0,TRUE
,1104.mp4,0,TRUE
,1106.mp4,0,TRUE
,1108.mp4,0,TRUE
,1109.mp4,0,TRUE
,1110.mp4,1,FALSE
,1111.mp4,0,TRUE
,1112.mp4,0,TRUE
,1114.mp4,1,FALSE
,1117.mp4,0,TRUE
,1119.mp4,1,FALSE
,1120.mp4,1,FALSE
,1123.mp4,0,TRUE
,1124.mp4,0,TRUE
,1125.mp4,1,FALSE
,1126.mp4,0,TRUE
,1127.mp4,1,FALSE
,1129.mp4,1,FALSE
,1130.mp4,0,TRUE
,1131.mp4,0,TRUE
,1135.mp4,0,TRUE
,1136.mp4,0,TRUE
,1137.mp4,1,FALSE
,1138.mp4,0,TRUE
,1139.mp4,1,FALSE
,1140.mp4,0,TRUE
,1142.mp4,0,TRUE
,1145.mp4,0,TRUE
,1146.mp4,1,FALSE
,1148.mp4,0,TRUE
,1152.mp4,1,FALSE
,1153.mp4,0,TRUE
,1158.mp4,0,TRUE
,1162.mp4,0,TRUE
,1163.mp4,0,TRUE
,1164.mp4,0,TRUE
,1165.mp4,0,TRUE
,1168.mp4,0,TRUE
,1169.mp4,0,TRUE
,1170.mp4,0,TRUE
,1172.mp4,0,TRUE
,1173.mp4,1,FALSE
,1176.mp4,0,TRUE
,1179.mp4,1,FALSE
,1181.mp4,1,FALSE
,1182.mp4,0,TRUE
,1183.mp4,1,FALSE
,1184.mp4,0,TRUE
,1185.mp4,1,FALSE
,1188.mp4,0,TRUE
,1190.mp4,0,TRUE
,1191.mp4,1,FALSE
,1192.mp4,1,FALSE
,1193.mp4,0,TRUE
,1195.mp4,1,FALSE
,1198.mp4,0,TRUE
,1199.mp4,0,TRUE
,1202.mp4,0,TRUE
,1203.mp4,0,TRUE
,1204.mp4,0,TRUE
,1205.mp4,1,FALSE
,1206.mp4,1,FALSE
,1207.mp4,1,FALSE
,1209.mp4,1,FALSE
,1210.mp4,1,FALSE
,1211.mp4,0,TRUE
,1212.mp4,1,FALSE
,1213.mp4,0,TRUE
,1215.mp4,0,TRUE
,1216.mp4,1,FALSE
,1218.mp4,0,TRUE
,1219.mp4,0,TRUE
,1221.mp4,1,FALSE
,1222.mp4,1,FALSE
,1225.mp4,0,TRUE
,1228.mp4,1,FALSE
,1229.mp4,0,TRUE
,1230.mp4,1,FALSE
,1231.mp4,1,FALSE
,1232.mp4,0,TRUE
,1233.mp4,0,TRUE
,1234.mp4,1,FALSE
,1235.mp4,0,TRUE
,1236.mp4,1,FALSE
,1237.mp4,1,FALSE
,1240.mp4,1,FALSE
,1241.mp4,0,TRUE
,1242.mp4,1,FALSE
,1244.mp4,0,TRUE
,1245.mp4,1,FALSE
,1248.mp4,1,FALSE
,1250.mp4,0,TRUE
,1251.mp4,1,FALSE
,1252.mp4,1,FALSE
,1254.mp4,0,TRUE
,1256.mp4,0,TRUE
,1260.mp4,1,FALSE
,1267.mp4,0,TRUE
,1269.mp4,1,FALSE
,1270.mp4,0,TRUE
,1274.mp4,0,TRUE
,1279.mp4,0,TRUE
,1280.mp4,1,FALSE
,1281.mp4,1,FALSE
,1283.mp4,1,FALSE
,1285.mp4,1,FALSE
,1286.mp4,0,TRUE
,1288.mp4,1,FALSE
,1290.mp4,1,FALSE
,1292.mp4,1,FALSE
,1293.mp4,1,FALSE
,1296.mp4,1,FALSE
,1297.mp4,0,TRUE
,1300.mp4,0,TRUE
,1302.mp4,0,TRUE
,1303.mp4,0,TRUE
,1304.mp4,1,FALSE
,1306.mp4,0,TRUE
,1307.mp4,0,TRUE
,1308.mp4,1,FALSE
,1309.mp4,1,FALSE
,1313.mp4,1,FALSE
,1314.mp4,0,TRUE
,1315.mp4,1,FALSE
,1317.mp4,0,TRUE
,1318.mp4,0,TRUE
,1319.mp4,0,TRUE
,1322.mp4,1,FALSE
,1323.mp4,0,TRUE
,1324.mp4,0,TRUE
,1325.mp4,0,TRUE
,1326.mp4,1,FALSE
,1329.mp4,0,TRUE
,1330.mp4,0,TRUE
,1331.mp4,0,TRUE
,1333.mp4,0,TRUE
,1336.mp4,1,FALSE
,1337.mp4,0,TRUE
,1339.mp4,0,TRUE
,1341.mp4,0,TRUE
,1342.mp4,1,FALSE
,1343.mp4,1,FALSE
,1344.mp4,1,FALSE
,1345.mp4,1,FALSE
,1347.mp4,0,TRUE
,1350.mp4,0,TRUE
,1351.mp4,1,FALSE
,1352.mp4,0,TRUE
,1353.mp4,1,FALSE
,1354.mp4,0,TRUE
,1356.mp4,1,FALSE
,1360.mp4,1,FALSE
,1361.mp4,0,TRUE
,1364.mp4,0,TRUE
,1365.mp4,0,TRUE
,1366.mp4,1,FALSE
,1367.mp4,0,TRUE
,1368.mp4,0,TRUE
,1370.mp4,1,FALSE
,1371.mp4,0,TRUE
,1372.mp4,0,TRUE
,1373.mp4,0,TRUE
,1375.mp4,0,TRUE
,1377.mp4,0,TRUE
,1378.mp4,0,TRUE
,1380.mp4,0,TRUE
,1383.mp4,1,FALSE
,1384.mp4,1,FALSE
,1388.mp4,1,FALSE
,1390.mp4,0,TRUE
,1395.mp4,0,TRUE
,1400.mp4,1,FALSE
,1401.mp4,1,FALSE
,1403.mp4,1,FALSE
,1404.mp4,1,FALSE
,1409.mp4,1,FALSE
,1410.mp4,1,FALSE
,1411.mp4,1,FALSE
,1412.mp4,1,FALSE
,1413.mp4,1,FALSE
,1415.mp4,0,TRUE
,1416.mp4,1,FALSE
,1417.mp4,1,FALSE
,1418.mp4,0,TRUE
,1419.mp4,1,FALSE
,1420.mp4,1,FALSE
,1422.mp4,1,FALSE
,1424.mp4,0,TRUE
,1425.mp4,0,TRUE
,1427.mp4,1,FALSE
,1428.mp4,0,TRUE
,1431.mp4,1,FALSE
,1432.mp4,0,TRUE
,1433.mp4,1,FALSE
,1434.mp4,1,FALSE
,1435.mp4,1,FALSE
,1436.mp4,1,FALSE
,1437.mp4,1,FALSE
,1438.mp4,0,TRUE
,1441.mp4,0,TRUE
,1443.mp4,1,FALSE
,1445.mp4,1,FALSE
,1446.mp4,0,TRUE
,1448.mp4,1,FALSE
,1449.mp4,0,TRUE
,1450.mp4,0,TRUE
,1452.mp4,0,TRUE
,1453.mp4,0,TRUE
,1454.mp4,1,FALSE
,1456.mp4,1,FALSE
,1459.mp4,0,TRUE
,1460.mp4,0,TRUE
,1463.mp4,0,TRUE
,1465.mp4,0,TRUE
,1467.mp4,0,TRUE
,1468.mp4,1,FALSE
,1469.mp4,0,TRUE
,1472.mp4,1,FALSE
,1473.mp4,0,TRUE
,1475.mp4,1,FALSE
,1476.mp4,1,FALSE
,1477.mp4,1,FALSE
,1478.mp4,0,TRUE
,1479.mp4,0,TRUE
,1480.mp4,1,FALSE
,1482.mp4,1,FALSE
,1483.mp4,0,TRUE
,1484.mp4,0,TRUE
,1485.mp4,1,FALSE
,1487.mp4,0,TRUE
,1489.mp4,1,FALSE
,1490.mp4,1,FALSE
,1492.mp4,1,FALSE
,1494.mp4,0,TRUE
,1497.mp4,1,FALSE
,1498.mp4,0,TRUE
,1500.mp4,0,TRUE
,1501.mp4,1,FALSE
,1503.mp4,0,TRUE
,1504.mp4,0,TRUE
,1507.mp4,1,FALSE
,1508.mp4,0,TRUE
,1509.mp4,1,FALSE
,1510.mp4,0,TRUE
,1513.mp4,1,FALSE
,1515.mp4,1,FALSE
,1516.mp4,1,FALSE
,1518.mp4,1,FALSE
,1520.mp4,1,FALSE
,1521.mp4,1,FALSE
,1522.mp4,1,FALSE
,1523.mp4,1,FALSE
,1524.mp4,1,FALSE
,1526.mp4,0,TRUE
,1529.mp4,0,TRUE
,1531.mp4,1,FALSE
,1532.mp4,0,TRUE
,1533.mp4,1,FALSE
,1534.mp4,0,TRUE
,1535.mp4,0,TRUE
,1539.mp4,1,FALSE
,1540.mp4,1,FALSE
,1541.mp4,1,FALSE
,1543.mp4,1,FALSE
,1546.mp4,0,TRUE
,1547.mp4,0,TRUE
,1549.mp4,0,TRUE
,1551.mp4,0,TRUE
,1552.mp4,0,TRUE
,1553.mp4,1,FALSE
,1554.mp4,1,FALSE
,1555.mp4,1,FALSE
,1556.mp4,0,TRUE
,1557.mp4,1,FALSE
,1559.mp4,0,TRUE
,1562.mp4,1,FALSE
,1565.mp4,1,FALSE
,1567.mp4,0,TRUE
,1568.mp4,0,TRUE
,1569.mp4,1,FALSE
,1570.mp4,1,FALSE
,1572.mp4,0,TRUE
,1573.mp4,0,TRUE
,1574.mp4,1,FALSE
,1576.mp4,0,TRUE
,1577.mp4,1,FALSE
,1578.mp4,0,TRUE
,1580.mp4,0,TRUE
,1581.mp4,1,FALSE
,1583.mp4,1,FALSE
,1584.mp4,1,FALSE
,1585.mp4,1,FALSE
,1588.mp4,0,TRUE
,1591.mp4,1,FALSE
,1592.mp4,0,TRUE
,1594.mp4,1,FALSE
,1596.mp4,1,FALSE
,1597.mp4,0,TRUE
,1599.mp4,0,TRUE
,1602.mp4,1,FALSE
,1603.mp4,1,FALSE
,1604.mp4,1,FALSE
,1605.mp4,1,FALSE
,1606.mp4,1,FALSE
,1607.mp4,0,TRUE
,1608.mp4,1,FALSE
,1609.mp4,1,FALSE
,1610.mp4,1,FALSE
,1611.mp4,1,FALSE
,1612.mp4,1,FALSE
,1614.mp4,1,FALSE
,1617.mp4,1,FALSE
,1619.mp4,0,TRUE
,1620.mp4,0,TRUE
,1621.mp4,1,FALSE
,1622.mp4,1,FALSE
,1623.mp4,0,TRUE
,1624.mp4,1,FALSE
,1626.mp4,0,TRUE
,1627.mp4,1,FALSE
,1629.mp4,0,TRUE
,1633.mp4,1,FALSE
,1635.mp4,0,TRUE
,1636.mp4,1,FALSE
,1637.mp4,0,TRUE
,1639.mp4,1,FALSE
,1640.mp4,0,TRUE
,1641.mp4,0,TRUE
,1642.mp4,1,FALSE
,1644.mp4,1,FALSE
,1645.mp4,0,TRUE
,1646.mp4,0,TRUE
,1649.mp4,1,FALSE
,1650.mp4,0,TRUE
,1652.mp4,0,TRUE
,1653.mp4,0,TRUE
,1654.mp4,0,TRUE
,1655.mp4,0,TRUE
,1657.mp4,0,TRUE
,1658.mp4,1,FALSE
,1659.mp4,1,FALSE
,1660.mp4,1,FALSE
,1661.mp4,1,FALSE
,1663.mp4,1,FALSE
,1664.mp4,1,FALSE
,1665.mp4,0,TRUE
,1666.mp4,1,FALSE
,1667.mp4,0,TRUE
,1668.mp4,1,FALSE
,1669.mp4,1,FALSE
,1670.mp4,1,FALSE
,1671.mp4,0,TRUE
,1672.mp4,1,FALSE
,1679.mp4,0,TRUE
,1680.mp4,0,TRUE
,1681.mp4,1,FALSE
,1683.mp4,1,FALSE
,1684.mp4,1,FALSE
,1687.mp4,1,FALSE
,1688.mp4,1,FALSE
,1689.mp4,0,TRUE
,1690.mp4,0,TRUE
,1693.mp4,0,TRUE
,1694.mp4,0,TRUE
,1695.mp4,1,FALSE
,1696.mp4,0,TRUE
,1697.mp4,1,FALSE
,1698.mp4,0,TRUE
,1699.mp4,0,TRUE
,1701.mp4,0,TRUE
,1702.mp4,0,TRUE
,1703.mp4,0,TRUE
,1704.mp4,0,TRUE
,1705.mp4,0,TRUE
,1706.mp4,0,TRUE
,1707.mp4,0,TRUE
,1712.mp4,1,FALSE
,1713.mp4,0,TRUE
,1714.mp4,0,TRUE
,1715.mp4,1,FALSE
,1716.mp4,0,TRUE
,1717.mp4,1,FALSE
,1718.mp4,0,TRUE
,1719.mp4,0,TRUE
,1720.mp4,0,TRUE
,1721.mp4,0,TRUE
,1725.mp4,0,TRUE
,1727.mp4,0,TRUE
,1728.mp4,1,FALSE
,1729.mp4,1,FALSE
,1731.mp4,0,TRUE
,1733.mp4,0,TRUE
,1734.mp4,1,FALSE
,1735.mp4,0,TRUE
,1736.mp4,0,TRUE
,1738.mp4,1,FALSE
,1740.mp4,0,TRUE
,1742.mp4,0,TRUE
,1743.mp4,1,FALSE
,1746.mp4,0,TRUE
,1749.mp4,1,FALSE
,1750.mp4,1,FALSE
,1751.mp4,1,FALSE
,1754.mp4,1,FALSE
,1756.mp4,0,TRUE
,1758.mp4,1,FALSE
,1760.mp4,0,TRUE
,1761.mp4,1,FALSE
,1762.mp4,0,TRUE
,1763.mp4,1,FALSE
,1766.mp4,0,TRUE
,1767.mp4,1,FALSE
,1768.mp4,0,TRUE
,1770.mp4,1,FALSE
,1772.mp4,1,FALSE
,1774.mp4,1,FALSE
,1775.mp4,1,FALSE
,1777.mp4,1,FALSE
,1778.mp4,0,TRUE
,1779.mp4,1,FALSE
,1783.mp4,1,FALSE
,1785.mp4,1,FALSE
,1786.mp4,1,FALSE
,1787.mp4,0,TRUE
,1788.mp4,1,FALSE
,1789.mp4,1,FALSE
,1794.mp4,1,FALSE
,1797.mp4,1,FALSE
,1803.mp4,0,TRUE
,1804.mp4,0,TRUE
,1805.mp4,0,TRUE
,1808.mp4,0,TRUE
,1809.mp4,1,FALSE
,1810.mp4,0,TRUE
,1812.mp4,0,TRUE
,1813.mp4,1,FALSE
,1814.mp4,1,FALSE
,1815.mp4,0,TRUE
,1817.mp4,1,FALSE
,1820.mp4,1,FALSE
,1822.mp4,1,FALSE
,1823.mp4,0,TRUE
,1824.mp4,1,FALSE
,1825.mp4,0,TRUE
,1826.mp4,1,FALSE
,1827.mp4,1,FALSE
,1828.mp4,1,FALSE
,1831.mp4,1,FALSE
,1832.mp4,1,FALSE
,1833.mp4,1,FALSE
,1834.mp4,1,FALSE
,1838.mp4,1,FALSE
,1841.mp4,0,TRUE
,1842.mp4,1,FALSE
,1844.mp4,1,FALSE
,1849.mp4,1,FALSE
,1851.mp4,0,TRUE
,1856.mp4,1,FALSE
,1857.mp4,1,FALSE
,1858.mp4,0,TRUE
,1859.mp4,0,TRUE
,1860.mp4,0,TRUE
,1862.mp4,0,TRUE
,1863.mp4,1,FALSE
,1865.mp4,1,FALSE
,1866.mp4,1,FALSE
,1868.mp4,0,TRUE
,1869.mp4,0,TRUE
,1870.mp4,1,FALSE
,1871.mp4,0,TRUE
,1872.mp4,0,TRUE
,1873.mp4,0,TRUE
,1874.mp4,1,FALSE
,1876.mp4,1,FALSE
,1877.mp4,1,FALSE
,1879.mp4,1,FALSE
,1880.mp4,1,FALSE
,1881.mp4,0,TRUE
,1882.mp4,0,TRUE
,1884.mp4,0,TRUE
,1886.mp4,0,TRUE